ID,Prediction
user0x410,1
user0x432,1
user0x16a3,1
user0x1ad1,1
user0x174d,0
user0xba8,1
user0x1239,1
user0x135c,0
user0x5b0,0
user0x1724,1
user0x11ca,0
user0xb4a,0
user0xa90,0
user0x189f,1
user0x1418,0
user0xf4,0
user0x3bf,1
user0x1a99,1
user0x16a0,1
user0x1b2,0
user0x157e,1
user0x1a4f,1
user0x11e3,0
user0x1409,0
user0xb28,0
user0x6d7,1
user0x1130,1
user0x1845,0
user0x1dd,0
user0x2c7,1
user0x1608,0
user0xcd2,0
user0x705,1
user0x1ef,0
user0xdf0,0
user0x1215,1
user0xee5,0
user0x962,0
user0x4f8,0
user0x130f,1
user0x5b,1
user0x11bb,1
user0x1979,1
user0x142c,0
user0x233,0
user0x159f,0
user0x113b,0
user0x1a69,0
user0x1b1c,1
user0x6f8,0
user0x80c,0
user0x6ad,0
user0x7b,1
user0x1a5e,0
user0x8cd,1
user0x347,0
user0x7da,0
user0xdfa,0
user0xe41,1
user0xc7c,0
user0x30a,1
user0x107c,1
user0x791,0
user0xd39,1
user0x359,1
user0x106f,1
user0x18cf,0
user0x4d4,0
user0x2d6,1
user0x1649,0
user0xd9c,0
user0x1494,0
user0xb23,0
user0x7e7,0
user0x113,0
user0x16be,0
user0x1229,1
user0x28,1
user0x149,0
user0x10c2,0
user0x116f,0
user0x1a6d,0
user0x1af1,0
user0xdab,1
user0x31c,1
user0x1a1e,1
user0x1b42,0
user0x964,0
user0x17ae,0
user0x140c,1
user0x749,0
user0xe1a,1
user0xfef,0
user0x11d9,1
user0x1128,1
user0x13b9,1
user0xecf,1
user0x1155,1
user0x187d,0
user0x18f9,1
user0x262,1
user0xd13,0
user0x1b53,0
user0x230,1
user0x1b4b,0
user0xc01,1
user0x63c,0
user0x1b47,0
user0x1066,1
user0xe7d,1
user0x1416,1
user0x1550,0
user0x8e1,0
user0x6f0,1
user0xa1c,1
user0x146f,0
user0x64,1
user0x1247,1
user0x15fb,0
user0x14e6,1
user0x3d5,1
user0x17c4,0
user0xed6,0
user0x171b,0
user0x1457,0
user0x4d8,1
user0xc85,1
user0x13ab,0
user0x1736,1
user0xd03,0
user0x1292,0
user0x814,1
user0xb04,0
user0xdad,1
user0x1896,1
user0x7f7,0
user0xbbc,0
user0xb85,0
user0x1573,0
user0xcaa,1
user0x168a,0
user0x17f5,0
user0xa40,0
user0xcbb,1
user0xcd,1
user0x55f,1
user0x3ee,0
user0x1798,0
user0x737,1
user0xb1a,0
user0x109d,0
user0xd0d,0
user0x182b,1
user0x8a8,0
user0x1869,1
user0x94b,0
user0xd5c,0
user0x14c6,0
user0x124b,1
user0x10dd,1
user0x1a6c,0
user0x65e,0
user0xe0b,0
user0x11dc,0
user0x77c,0
user0x839,0
user0x548,0
user0x2df,0
user0x17a1,0
user0x37e,1
user0xaad,0
user0x1349,0
user0x1870,0
user0x286,0
user0x88a,1
user0x1135,0
user0x18a5,0
user0x1477,1
user0x1af2,0
user0xdca,0
user0x672,1
user0x2a8,0
user0xf1c,0
user0xac3,0
user0x510,0
user0x1994,0
user0x12eb,0
user0x206,0
user0xfe5,0
user0x199b,0
user0x168e,1
user0xe95,1
user0x5a8,0
user0x154a,0
user0x161e,0
user0x19e2,1
user0x1465,1
user0xd30,1
user0x704,1
user0xa67,1
user0x8c7,0
user0xe6c,1
user0xa87,0
user0xc72,1
user0xff6,0
user0xa9e,0
user0x11cd,1
user0x10,1
user0xffd,0
user0x9c9,1
user0x16b9,1
user0x8bd,0
user0x1b1a,1
user0x425,0
user0x813,1
user0x1a3b,0
user0x93b,0
user0x743,1
user0xbe,0
user0x1e4,1
user0xc5b,0
user0x1831,1
user0x15be,1
user0x55a,0
user0xf8b,0
user0x18c3,0
user0x146c,1
user0x17b8,1
user0x94a,1
user0x9a8,0
user0x6e,0
user0x41f,0
user0x13cd,0
user0x1589,1
user0x932,1
user0x641,1
user0xe8,1
user0x4e0,0
user0x1665,0
user0x730,0
user0x138a,1
user0x11c2,1
user0x77a,1
user0x18cc,1
user0x11ed,1
user0x11f7,1
user0xfda,0
user0x3a5,1
user0x415,0
user0xb74,1
user0xedf,1
user0xe2e,0
user0x25,0
user0x618,1
user0xc,1
user0x1901,0
user0x16e7,0
user0x56b,1
user0x255,0
user0x1131,0
user0xaa0,1
user0xbe4,1
user0x117f,0
user0x3fd,1
user0x344,0
user0x9c5,0
user0xaa6,0
user0x1b05,1
user0x131d,1
user0xa12,0
user0x1731,0
user0x9c1,1
user0x1779,1
user0x7ab,0
user0x1adc,0
user0x68,1
user0x6e4,0
user0x1190,0
user0x46e,1
user0x4f4,0
user0x18bd,0
user0xe57,1
user0x204,1
user0xd85,1
user0x39e,0
user0xb5d,0
user0x118e,1
user0x153b,0
user0x1574,0
user0x112e,0
user0x12a6,0
user0x10d2,1
user0x11cb,1
user0x1856,0
user0xcc0,0
user0xcd5,0
user0x152c,0
user0x7ae,0
user0x1564,0
user0x10be,1
user0xde1,0
user0x197f,0
user0xaaf,1
user0x2a6,0
user0x14d7,0
user0x1126,1
user0x79f,1
user0xa5,0
user0x10a9,0
user0x1561,0
user0x1125,0
user0x7f0,1
user0x169f,1
user0x9f6,0
user0xf96,1
user0x646,1
user0xbc6,1
user0xe6,1
user0xe79,1
user0x735,1
user0x5d7,0
user0xd80,0
user0xef6,1
user0x23b,1
user0x19a7,0
user0x670,0
user0x1a6a,0
user0x786,1
user0xa1a,1
user0xc02,1
user0x1afb,1
user0x73a,0
user0x1423,0
user0x514,0
user0x375,0
user0x1417,0
user0x199e,0
user0x904,1
user0xdae,1
user0xde3,1
user0x142,0
user0xb,0
user0x11,0
user0x13e0,0
user0x15c8,0
user0x1924,0
user0x1003,1
user0xc36,1
user0x86b,0
user0x1402,1
user0xcba,0
user0xc08,1
user0xec3,0
user0x243,1
user0x13,0
user0x573,0
user0xb55,1
user0x11c1,0
user0x1041,0
user0x156e,0
user0x302,0
user0xe93,0
user0x1ab8,1
user0x14b1,0
user0x1ae3,1
user0x140a,0
user0x1ee,0
user0x160e,0
user0xb26,0
user0x446,1
user0xaec,0
user0x18f0,1
user0x1295,1
user0x14cb,1
user0x193c,0
user0x1aa0,1
user0x19ed,1
user0xae1,1
user0xb93,1
user0x944,0
user0x90e,0
user0x56,1
user0xff2,1
user0x677,0
user0x6bc,0
user0x166a,1
user0x8d8,0
user0xc1c,1
user0x1e0,0
user0x114d,1
user0x1904,1
user0x89c,1
user0x1222,1
user0x1481,1
user0x1422,0
user0x85b,1
user0x414,0
user0x1520,1
user0x1321,0
user0x193b,1
user0xb3f,0
user0x195e,0
user0x8b2,0
user0x8f1,0
user0x301,0
user0x3,1
user0x19de,1
user0x5d0,1
user0x58b,0
user0x13af,0
user0x8ec,1
user0x3ec,1
user0x3c5,0
user0x850,0
user0x459,0
user0x10d0,1
user0xf38,0
user0x19c7,1
user0x1097,1
user0x889,1
user0x1090,1
user0x27e,0
user0xd89,0
user0x399,1
user0x610,0
user0x1a35,0
user0x7af,0
user0x16fc,0
user0xe2f,1
user0x145b,0
user0xadb,1
user0x12b0,0
user0x1593,1
user0x1084,0
user0x1b4d,0
user0x189,0
user0x662,0
user0x10e,0
user0x227,0
user0x659,0
user0xb8a,0
user0x1471,1
user0xe62,0
user0x1a6,0
user0xb60,0
user0xf26,0
user0x1824,0
user0x158e,0
user0x2bf,0
user0xc75,1
user0xa28,1
user0x115b,1
user0xbed,1
user0x14b6,1
user0x682,1
user0x537,0
user0xc2,0
user0x1032,1
user0xf28,1
user0x1719,0
user0x293,1
user0xc64,0
user0xea1,0
user0x169,0
user0x97b,1
user0x14c7,1
user0x19cd,1
user0xa9d,1
user0x466,0
user0x8e2,0
user0x3fc,1
user0x8da,1
user0x9d1,1
user0x1629,0
user0x303,0
user0xd,1
user0xdb5,0
user0x1692,1
user0x1506,1
user0x15ef,0
user0xb7e,1
user0xc09,1
user0x85,0
user0x824,0
user0x33b,0
user0xb87,0
user0xfe1,0
user0x309,0
user0x295,1
user0xbd2,1
user0x10ad,0
user0x1641,1
user0x1095,0
user0x19e3,1
user0x26e,1
user0x117b,0
user0x1262,0
user0xe3,1
user0x406,0
user0x119b,0
user0x14b7,1
user0x251,1
user0x17d1,1
user0x113a,1
user0x1686,1
user0x1205,0
user0x782,0
user0x1bb,0
user0x166,1
user0x17f1,1
user0x50d,0
user0x3e6,1
user0x18bf,0
user0x91c,0
user0xc06,0
user0xb46,1
user0x12ce,1
user0x7d6,1
user0xbf,0
user0x37d,1
user0x1058,1
user0xbb7,1
user0x993,0
user0xdb0,0
user0xf5d,1
user0x1971,1
user0x1a4c,0
user0x11a3,0
user0x100,0
user0x17ea,0
user0xf97,0
user0x1881,1
user0x121d,0
user0x1432,0
user0x8f6,1
user0x728,0
user0xfd4,1
user0x40d,0
user0x1d7,0
user0x1a24,1
user0x179f,0
user0x2f7,0
user0x12d1,0
user0x353,0
user0x1410,0
user0x554,1
user0x1995,0
user0xfc0,1
user0x37b,1
user0x10e0,1
user0x6b3,0
user0x14ff,1
user0x115e,1
user0x14f1,0
user0x863,0
user0xf6a,1
user0x1378,1
user0x14f,0
user0x461,1
user0xdc2,1
user0x828,0
user0x1076,1
user0x909,1
user0x15bc,0
user0x6fd,0
user0x1a6b,1
user0x10cb,1
user0x397,1
user0x166d,1
user0xa13,0
user0x1285,1
user0x12e5,1
user0x132,1
user0x4e1,0
user0xd87,0
user0x1669,1
user0xb5f,0
user0x14a4,0
user0x11a5,0
user0xe2a,0
user0x1839,0
user0xfe3,0
user0xf6c,0
user0x8bc,1
user0x2c6,0
user0x1241,1
user0x1989,0
user0xb71,0
user0xefa,0
user0x15b7,1
user0x315,1
user0x3f4,0
user0x17d3,0
user0xa8b,0
user0x184a,0
user0x840,0
user0x18a0,1
user0x1969,0
user0xb62,0
user0x633,0
user0x5a1,1
user0x64d,0
user0x643,0
user0x1b45,1
user0x15d1,0
user0xaba,0
user0x13c,1
user0x1281,0
user0x140e,0
user0x18a2,0
user0xeca,1
user0x14a,0
user0xbc9,0
user0x689,0
user0x16a9,1
user0x18c2,0
user0x5da,0
user0x20,1
user0x1568,1
user0x11cc,1
user0xf1d,0
user0x121c,1
user0xccd,0
user0x114f,1
user0x1068,0
user0xc86,0
user0x59e,1
user0x1893,0
user0x1374,0
user0x5c4,0
user0xbff,0
user0x297,0
user0xb5b,0
user0x3f2,0
user0x535,0
user0x10df,0
user0xc9b,0
user0x475,1
user0xb70,1
user0x801,0
user0xb83,1
user0x13bb,0
user0x1462,0
user0x3a4,1
user0x648,0
user0x19cc,0
user0x16e3,1
user0x19a0,0
user0x474,1
user0x199a,0
user0x12ed,0
user0x14f4,0
user0x83b,0
user0xb15,1
user0x1277,0
user0x304,0
user0x1391,0
user0x5fd,0
user0x593,0
user0x1743,1
user0xed2,1
user0x1b2a,0
user0xd4c,1
user0xa41,1
user0x1a52,0
user0x2ed,0
user0x1703,0
user0x53,1
user0x16f3,0
user0x118c,1
user0x80,0
user0x9db,0
user0x1a71,1
user0x597,1
user0x886,1
user0x73c,0
user0x1265,0
user0x1322,0
user0x1aa8,1
user0x15aa,1
user0x1226,0
user0x20a,1
user0x609,1
user0x1476,0
user0x8f7,0
user0x1174,0
user0x515,0
user0x6f,0
user0x1de,1
user0x1710,1
user0x10b9,0
user0x18bb,0
user0x291,1
user0xebb,0
user0x15b3,0
user0x135e,1
user0xe26,1
user0xc6a,1
user0x358,0
user0x1886,1
user0x1318,0
user0x1613,1
user0x14c4,0
user0x1509,0
user0x598,1
user0x2ec,1
user0x7ee,1
user0x1148,1
user0xd7f,0
user0x930,1
user0xce2,0
user0xa22,0
user0xfe9,1
user0x1720,1
user0x77f,0
user0x12dc,0
user0xb3e,1
user0x185b,0
user0x161,0
user0x11bf,0
user0x6b,1
user0x19b2,1
user0xba9,1
user0x78,0
user0x16c,1
user0x1846,0
user0x66c,1
user0xe06,0
user0x368,1
user0x382,1
user0xa71,0
user0x1311,1
user0xac0,0
user0x13c8,0
user0x13f2,0
user0x18e7,0
user0xf23,1
user0x1185,0
user0x13a4,0
user0x10f5,0
user0xfa8,1
user0xabc,1
user0x1801,1
user0x76f,0
user0x1b3e,0
user0x163b,1
user0x1a55,1
user0x5f4,1
user0xcc8,1
user0x1a23,1
user0x7a8,0
user0x7eb,0
user0x1754,0
user0x134b,0
user0xcec,0
user0x1972,1
user0xb56,1
user0x103d,1
user0x14f0,1
user0x1111,0
user0x1708,0
user0x37,0
user0x16ec,1
user0x4ed,1
user0x917,0
user0x154,1
user0xd91,0
user0xdb2,0
user0xbdb,1
user0x6bf,0
user0x52d,0
user0x1036,0
user0x164b,0
user0x7e2,0
user0x1e2,0
user0xee3,1
user0x140b,0
user0x1a5f,0
user0x1086,1
user0x712,1
user0xf30,0
user0x29f,0
user0x193a,0
user0x1913,0
user0x58d,0
user0x1098,1
user0xbb,1
user0xbdf,0
user0x1a49,1
user0x5c5,0
user0x17c8,1
user0xea3,0
user0x9a7,1
user0x70a,1
user0x18bc,0
user0xe34,0
user0x5e8,0
user0x1a36,1
user0xe5d,1
user0x141b,0
user0xe4e,0
user0xee4,0
user0xec,0
user0x10bc,0
user0x1961,1
user0x1217,0
user0x937,1
user0x1535,0
user0x187b,1
user0x14a7,0
user0x10cd,1
user0x1958,0
user0x161b,0
user0x117d,0
user0x5a4,0
user0x788,1
user0xb4e,0
user0x1d4,0
user0x157d,1
user0x671,1
user0x15b5,0
user0x855,1
user0xe54,0
user0xa33,0
user0x1a2,0
user0x6a6,1
user0x1a80,1
user0xd5b,1
user0x3b6,0
user0x469,0
user0xe99,0
user0x17b1,0
user0xb9d,1
user0x1b5,1
user0x199d,1
user0x8d9,0
user0x1104,1
user0x19da,0
user0x59c,0
user0xb4d,1
user0x17cd,1
user0x1a64,1
user0xb07,1
user0x1326,0
user0x1022,1
user0x216,0
user0x335,1
user0x738,1
user0x623,1
user0x16e6,0
user0x373,0
user0x94e,1
user0xf24,0
user0x589,1
user0x61b,0
user0xaf,0
user0x14b8,1
user0x7cb,1
user0x16d9,0
user0xaf1,0
user0x19cf,0
user0x1773,1
user0xa4a,0
user0x18c4,1
user0x606,0
user0xbad,0
user0x599,0
user0x1045,0
user0x1313,1
user0x11b6,1
user0x66e,1
user0x276,1
user0x8c2,1
user0x38d,0
user0x16aa,1
user0x785,0
user0x18f5,0
user0x130d,1
user0x15ec,1
user0x160a,0
user0x970,0
user0x1ac7,0
user0x170e,1
user0x40,0
user0x1b57,1
user0x160c,0
user0x26b,1
user0xe6a,0
user0x1680,0
user0xd8,0
user0xe30,1
user0x177e,0
user0x185a,1
user0x9df,0
user0x19a4,0
user0x1584,0
user0x18ba,0
user0x17e0,0
user0x1531,0
user0x854,1
user0x1038,1
user0xd16,0
user0x1cc,0
user0x17f7,1
user0x7d7,1
user0x17c0,0
user0x10b,1
user0x16a4,0
user0xeb7,1
user0xb39,0
user0xb9b,1
user0x5f1,0
user0x2a7,0
user0x10b6,0
user0x331,1
user0x13ec,0
user0x12db,0
user0xf9e,1
user0xff4,1
user0x23,0
user0x8ea,0
user0xedb,0
user0x183a,0
user0x50b,1
user0x1,0
user0x95f,1
user0x108c,1
user0x6d8,0
user0x1029,1
user0xac9,0
user0xfff,1
user0x14b5,0
user0xa9f,1
user0xf50,0
user0x129f,1
user0x1a03,1
user0x127e,0
user0x44f,1
user0x231,1
user0x13b8,1
user0x7de,1
user0x370,0
user0xe9d,0
user0x6fb,0
user0xa70,1
user0x3f0,1
user0xbae,0
user0x19f7,0
user0x197e,1
user0x592,1
user0x460,1
user0xdb7,1
user0x13e1,1
user0x876,1
user0xe7b,1
user0x4ab,0
user0x138b,1
user0x11a9,1
user0x9d5,0
user0x1454,1
user0x532,1
user0x1184,1
user0x151f,0
user0x111c,0
user0x1802,0
user0x12d5,1
user0x1983,0
user0xa63,0
user0x58c,1
user0xe0d,0
user0x883,0
user0x1ab7,1
user0xeac,1
user0x6b9,0
user0x9ed,0
user0x4cf,0
user0x124c,1
user0x89e,1
user0x18c,0
user0x1b56,0
user0xe48,1
user0x1849,0
user0x1921,1
user0x10b4,1
user0x5ff,1
user0x17ed,1
user0x1836,0
user0xc5d,0
user0xf93,0
user0xc2f,1
user0x7a7,0
user0x265,1
user0x122,0
user0x1187,0
user0x15e6,0
user0x3de,0
user0xcac,0
user0x938,0
user0x15d9,0
user0x13f3,1
user0x15e7,1
user0xf94,1
user0xdf8,1
user0x1175,0
user0x8ef,1
user0x28a,1
user0x617,0
user0xb9a,0
user0x1e7,0
user0xa0d,1
user0xd46,1
user0x145d,1
user0x6ec,1
user0x11e7,0
user0x8f2,0
user0x68e,1
user0x159,1
user0x521,1
user0xd67,1
user0x184e,0
user0x11f6,1
user0x354,0
user0x1873,0
user0x1a4b,1
user0x5c,0
user0x11ab,0
user0x1ab4,1
user0x17b5,1
user0x1854,1
user0xb91,1
user0x1301,1
user0x31a,1
user0x150a,0
user0x988,1
user0x19dc,0
user0x90c,1
user0xf15,0
user0x956,0
user0xd90,0
user0x1930,1
user0x1aea,0
user0x1413,0
user0x2be,1
user0x6ee,0
user0x1366,1
user0xe84,0
user0x12c1,1
user0xccc,0
user0x1389,1
user0xb7d,0
user0xab7,1
user0x161c,0
user0x1398,0
user0x339,0
user0xc98,1
user0x128c,0
user0x133f,1
user0x16c9,1
user0x5f5,1
user0x9bb,1
user0xfcc,0
user0x143d,1
user0xe0a,1
user0x1186,1
user0x13a3,0
user0x1a56,0
user0x1ae,1
user0x11af,1
user0x9ef,0
user0x1b4a,0
user0x239,0
user0x8c9,1
user0x1189,1
user0xc99,0
user0x3f7,0
user0x12ab,1
user0x18e8,1
user0x19f5,1
user0x6cb,1
user0x468,1
user0x836,1
user0x12c9,1
user0x140,1
user0x1474,1
user0x18ea,1
user0x121e,0
user0x1878,0
user0x10c0,0
user0x278,0
user0x241,0
user0x1774,1
user0xb6d,0
user0x13e2,0
user0x438,0
user0x13fa,1
user0x1172,0
user0xf09,0
user0x1877,1
user0x19c6,0
user0x1644,1
user0x73f,1
user0x1118,1
user0x97a,1
user0x77d,1
user0xeba,0
user0x195a,0
user0x13de,1
user0x3d7,1
user0x18e1,1
user0x68b,1
user0x311,1
user0x155d,0
user0x1278,1
user0xaca,0
user0x7b5,0
user0xc6d,1
user0xe88,0
user0x1b4c,1
user0xe97,1
user0x1f4,1
user0x1741,0
user0x16b,1
user0x845,1
user0xb59,0
user0x1ad7,1
user0x551,0
user0x124,1
user0xa17,1
user0xcf3,0
user0x1a0c,1
user0x1783,1
user0x692,0
user0x5d,0
user0x165f,0
user0x147f,0
user0x148e,1
user0x1a06,1
user0x13d6,0
user0x1b2e,1
user0x81e,0
user0x35b,0
user0x10e9,0
user0x117,0
user0x141d,1
user0xee8,1
user0xa91,0
user0x793,1
user0x11c0,0
user0x19fd,1
user0x7a4,0
user0x122f,0
user0xc82,1
user0x985,1
user0x13c7,1
user0x35d,1
user0x178c,1
user0x3aa,0
user0x857,1
user0x808,0
user0x6,1
user0x427,0
user0xeb1,0
user0x16cf,0
user0xf01,1
user0x1357,1
user0x1601,1
user0xe0,1
user0x11bd,0
user0x5f3,1
user0x954,0
user0x1b4,1
user0xe51,0
user0x18d8,0
user0x413,1
user0x54e,1
user0x722,0
user0xc21,1
user0x139e,0
user0x25a,1
user0x17eb,0
user0x1af4,1
user0x1329,1
user0x19af,0
user0x53a,1
user0x12f5,0
user0x101c,0
user0x18f1,0
user0x73d,0
user0xf2e,1
user0x300,1
user0x51c,1
user0x81f,1
user0xa24,0
user0x16a2,0
user0x15a3,0
user0x16e5,1
user0x538,1
user0xeb5,1
user0xfa7,1
user0x838,1
user0xbe3,0
user0xef9,0
user0x78b,0
user0xcff,0
user0xb64,1
user0x1ad6,0
user0xbb5,0
user0x1d0,0
user0x181b,0
user0x238,0
user0x2d5,0
user0x10eb,1
user0x71a,0
user0x5f6,1
user0x13a6,0
user0x7ac,0
user0x18b,0
user0x8e7,0
user0x167a,1
user0x294,1
user0x32d,0
user0x835,1
user0x477,0
user0x40b,1
user0xf66,1
user0x19,0
user0x71f,0
user0x1001,0
user0x999,0
user0x1b08,1
user0x1894,0
user0xd8b,1
user0x717,1
user0x1a2b,0
user0xc23,0
user0x157c,0
user0x7aa,0
user0x6e5,0
user0x305,0
user0xfba,0
user0xefb,0
user0x165d,1
user0xf78,1
user0x1aa3,1
user0x481,0
user0xc9,1
user0x15a2,1
user0x816,0
user0x7c2,0
user0x10d8,0
user0x13f9,1
user0x1403,0
user0x1aee,1
user0x16b0,0
user0x144f,1
user0x19a8,0
user0x14f2,0
user0x316,0
user0x92a,1
user0x8b,1
user0x75e,0
user0x152,1
user0x104,0
user0x24,1
user0x2cf,0
user0x11a1,0
user0x15d2,0
user0x1a74,1
user0x10fe,1
user0x178,1
user0x9dd,0
user0xe3a,0
user0x26c,0
user0xa5d,1
user0xc4b,0
user0x1073,0
user0x453,0
user0xa3a,0
user0x12e,0
user0x433,0
user0x1768,1
user0x160b,0
user0x17e8,0
user0x18a7,0
user0x126a,0
user0x16a,0
user0x17af,0
user0x61d,1
user0xdcb,0
user0x1443,1
user0x2dd,1
user0x3b9,1
user0x1e1,1
user0x1b19,1
user0x9aa,1
user0x110,0
user0x1827,1
user0x1aed,0
user0xb41,0
user0x1b06,1
user0xfce,1
user0x1431,0
user0x18ac,1
user0x2c5,0
user0x170f,1
user0x148d,0
user0xfad,0
user0xb21,0
user0x115d,0
user0xb2d,1
user0x82,0
user0x1537,1
user0xb86,0
user0x15df,0
user0x1596,1
user0x1273,0
user0x555,1
user0x1ea,0
user0x12a3,1
user0x59,1
user0x663,1
user0x7c8,1
user0xf19,1
user0x15f,1
user0x8ba,1
user0xc03,1
user0x4c2,0
user0xecd,0
user0x17b9,0
user0xf55,1
user0x796,0
user0x18f,0
user0x36b,1
user0x17e4,1
user0x1b39,0
user0x419,1
user0x1194,0
user0x71d,1
user0x44c,0
user0x17ec,1
user0x111d,0
user0x7e8,1
user0xd93,0
user0x1ae2,1
user0x89,0
user0xc29,0
user0x1a5,1
user0x16b4,0
user0x579,0
user0x12c0,1
user0x823,1
user0x3c3,0
user0xee0,0
user0xc8b,1
user0x44d,1
user0x170d,0
user0x1577,0
user0x9d3,1
user0x1781,1
user0x9e7,1
user0xab2,0
user0x13cc,0
user0x1b3,1
user0x132b,0
user0x8ff,1
user0x16bc,0
user0x33d,0
user0x314,0
user0x12a2,1
user0x1463,1
user0x128d,0
user0x1317,1
user0x1c8,0
user0x1634,0
user0x819,0
user0xbf4,0
user0x1227,1
user0x5ab,0
user0xc68,0
user0xdfd,0
user0x451,1
user0x15dd,0
user0x6ea,1
user0x18e,1
user0x18cb,0
user0x31d,0
user0xe4a,1
user0x1ab9,0
user0x1a28,1
user0xc94,0
user0x16ae,0
user0x136e,1
user0xd51,1
user0x5b2,0
user0x680,1
user0x536,0
user0x2f3,0
user0x41,0
user0xb1,0
user0x6d3,0
user0x1920,0
user0x102f,0
user0x102c,1
user0x1a,0
user0xbeb,1
user0x20d,0
user0x1515,0
user0xce5,1
user0x11b7,0
user0x10cc,0
user0x147a,0
user0x941,1
user0xe4f,0
user0xfb7,0
user0x298,1
user0xf65,1
user0xc9d,1
user0x11fd,1
user0x998,1
user0x4c5,0
user0x6ce,0
user0x1314,1
user0x14c,1
user0x16ef,0
user0x176f,0
user0xf33,0
user0x13e5,1
user0x256,0
user0x131f,1
user0x1492,0
user0x982,1
user0x174a,1
user0x5b3,0
user0x92,1
user0x587,0
user0x2e3,0
user0xeef,0
user0xe4,1
user0xc04,0
user0x1a0a,0
user0x1f2,1
user0x7,1
user0x7b9,0
user0x386,0
user0x124e,0
user0xd33,0
user0x147c,1
user0x15bb,1
user0x172,1
user0x12ec,0
user0x93d,0
user0xa8d,1
user0x1792,1
user0x4d5,0
user0xe3b,1
user0xcd6,0
user0x78c,0
user0x15f0,0
user0x4c3,0
user0x3b5,1
user0x6b5,1
user0x887,0
user0xfbe,0
user0xa10,1
user0x915,1
user0xe01,0
user0x1582,0
user0x8a,0
user0x15ca,0
user0x7e1,0
user0xfb,0
user0xec8,0
user0x1633,0
user0x442,0
user0x7e0,1
user0xd2c,0
user0x130b,1
user0x10d1,0
user0xf06,0
user0x169a,0
user0x390,0
user0xb2f,1
user0x96f,1
user0x1177,0
user0x501,0
user0xa7a,1
user0x1547,0
user0x903,1
user0x846,0
user0x38f,1
user0x115a,0
user0xd68,0
user0x1693,1
user0x86e,1
user0xe00,0
user0xa6e,1
user0xd7a,1
user0x4d9,0
user0x441,1
user0xba1,0
user0x1062,0
user0x9e,1
user0x6ac,1
user0x979,1
user0x3a8,0
user0x13f8,0
user0x725,0
user0x1795,0
user0x19c1,1
user0x4e2,0
user0x1a97,1
user0x454,1
user0x19eb,0
user0x2e0,1
user0xe14,1
user0xd78,0
user0x3ba,1
user0xc53,0
user0x1606,0
user0x11b,0
user0x1b50,1
user0xac1,0
user0xcad,1
user0x812,1
user0x7ba,0
user0xf86,0
user0x700,1
user0x150f,0
user0x19f1,0
user0x1862,0
user0x168d,1
user0x1059,0
user0xc7d,0
user0x1319,0
user0x7d5,0
user0x123b,0
user0x19f2,1
user0x9ab,0
user0x1061,0
user0xae3,0
user0x18f2,1
user0xef2,1
user0x139d,0
user0x37c,1
user0xa54,0
user0x1add,0
user0x1441,0
user0x11dd,0
user0x11d3,1
user0x6bd,0
user0x13fc,0
user0x803,0
user0x18b2,0
user0xf2,0
user0x15e0,1
user0xf6f,0
user0x192c,0
user0x7fe,0
user0xf3c,0
user0x193,1
user0x195b,1
user0x32,1
user0x17e1,0
user0xff9,0
user0x1085,1
user0x14c0,0
user0x22e,1
user0xad6,0
user0x12b9,0
user0x4b8,0
user0x142e,1
user0x47f,0
user0x9,0
user0xeab,1
user0x6ab,1
user0xa21,0
user0x12a9,0
user0x16c5,0
user0x64e,0
user0x42f,1
user0x1ae9,1
user0x151a,0
user0x1a00,0
user0x2cc,0
user0x768,1
user0x18d7,0
user0xcbe,1
user0xd74,1
user0x104f,1
user0x1149,1
user0x84b,1
user0x13e,1
user0x13b2,0
user0x1025,0
user0x688,1
user0x13fe,0
user0x1225,1
user0x1020,0
user0xe33,0
user0x1ab,0
user0xd62,0
user0x103e,0
user0x9e8,1
user0x1429,0
user0xa1f,1
user0x222,0
user0x151c,0
user0x106,0
user0xfe,0
user0x9e5,0
user0x1b31,1
user0x29a,1
user0x17da,0
user0xab,1
user0x498,1
user0x13dc,1
user0xc35,0
user0x5ca,0
user0x772,1
user0x1257,1
user0x12f2,0
user0x159e,0
user0x76c,0
user0xd0f,1
user0x2b5,1
user0x10d5,0
user0x17d9,0
user0x19f9,0
user0x10da,1
user0x843,1
user0x1242,0
user0x19be,1
user0x830,0
user0x1048,0
user0x127b,0
user0x12f9,0
user0x30d,0
user0x1198,1
user0x19e1,1
user0xf5f,0
user0x21d,1
user0x12c4,1
user0x1472,1
user0x208,1
user0xfbc,1
user0xa76,1
user0x1728,1
user0xeea,0
user0x1a9b,1
user0xaa8,0
user0x372,0
user0x162a,1
user0x17b3,1
user0x1867,0
user0x15ba,1
user0x13ad,0
user0x1b09,1
user0x17fe,1
user0x493,1
user0x106b,0
user0xc56,1
user0x5a6,0
user0x117c,0
user0xffc,1
user0xa4c,1
user0xb16,1
user0xd5e,1
user0xc78,1
user0x531,0
user0xead,1
user0x1a94,0
user0x1a70,1
user0x11e1,1
user0x4b,1
user0x117e,0
user0x33a,0
user0x1b49,0
user0x1834,0
user0x892,1
user0x1296,1
user0x167f,1
user0x5ba,1
user0xa69,0
user0xec7,0
user0x1408,0
user0x953,0
user0x126c,1
user0x1963,1
user0x11a4,1
user0x165c,1
user0x3b1,1
user0x88e,1
user0x1ac4,1
user0x34a,1
user0x183f,1
user0x1276,0
user0x1d6,1
user0x1060,1
user0xb38,1
user0x1755,0
user0xbc8,1
user0x7a,1
user0x638,1
user0xd01,0
user0xe1,0
user0x1585,0
user0xaf3,1
user0x740,1
user0x12ff,0
user0x1a81,0
user0xa75,0
user0x192d,0
user0xc05,1
user0x34d,1
user0x23c,0
user0x934,0
user0x1475,1
user0x16ac,0
user0xc6b,1
user0xca0,0
user0xe58,1
user0x9b1,1
user0x9a,0
user0x1dc,1
user0x123c,0
user0xe7e,1
user0x112f,0
user0xc0f,1
user0x69a,0
user0x116,1
user0x20e,1
user0x13f0,1
user0x180d,0
user0x1356,0
user0x1b21,1
user0x43f,1
user0x1811,0
user0x17e,1
user0x44b,1
user0x10b1,0
user0x140f,0
user0x9e2,0
user0xca5,1
user0x12a7,1
user0x143e,0
user0x13cf,0
user0x19ac,0
user0x396,0
user0xbd8,1
user0xcf,0
user0x172e,1
user0x1268,1
user0xc60,0
user0xd49,0
user0x1368,1
user0x17e5,1
user0x137d,0
user0xe9b,0
user0x178a,1
user0x4bf,0
user0x129,0
user0x5d2,0
user0x20f,1
user0x17f6,0
user0x1ba,1
user0x848,1
user0xdcc,0
user0xe94,1
user0xdc9,1
user0x472,1
user0x1123,0
user0x218,1
user0x1449,1
user0x1ac1,1
user0x14f8,1
user0x162f,0
user0x946,0
user0xdc3,0
user0x1a01,1
user0x15e4,0
user0x1159,0
user0xd58,0
user0x72c,0
user0xd2d,0
user0x995,1
user0x148b,0
user0xa7,0
user0x7d8,1
user0x1911,1
user0x2f,0
user0x899,0
user0xe69,0
user0x124d,0
user0x18d,0
user0x5e3,0
user0x10c7,1
user0xa34,0
user0x7d4,1
user0x1690,0
user0x1502,0
user0x189e,1
user0x1847,1
user0x3da,1
user0x19fe,1
user0x18fa,1
user0x59a,0
user0x9e4,0
user0x1976,0
user0xed,0
user0x847,0
user0x8ee,0
user0x1630,1
user0x842,1
user0x450,1
user0x6f6,1
user0x322,0
user0x1784,0
user0x1a31,1
user0xe39,1
user0x975,0
user0x165b,1
user0xc0c,0
user0xf88,1
user0x15d8,0
user0x6c9,1
user0x13d9,0
user0x15b,0
user0xe92,0
user0xf2f,0
user0x16fa,0
user0x17f8,1
user0x1344,1
user0x22,0
user0x8c5,1
user0xcaf,1
user0xfee,1
user0x5bc,1
user0x170b,0
user0x1813,1
user0x234,0
user0x12dd,0
user0x1695,1
user0xec2,0
user0x4a,1
user0x357,1
user0x135,1
user0x6f4,1
user0x11a,1
user0x1113,0
user0x185d,1
user0xcea,1
user0x223,1
user0x799,0
user0xeaa,1
user0x1890,0
user0x1015,0
user0x622,0
user0xa15,1
user0x486,1
user0x690,1
user0x2d0,1
user0x123,0
user0xb73,0
user0x21c,1
user0x1d1,1
user0x8b8,0
user0x40c,0
user0x12d6,1
user0x112d,0
user0x417,0
user0x1008,1
user0x169e,0
user0x90b,0
user0x135a,1
user0x1196,1
user0x19cb,1
user0xf51,1
user0x3c,0
user0x63f,0
user0x1b3d,0
user0x4a5,0
user0xdd0,0
user0x1592,1
user0x1342,1
user0xdec,1
user0x1742,0
user0x1938,0
user0x98b,0
user0xc8f,1
user0x267,1
user0x217,0
user0x15c2,0
user0x1889,1
user0xd4a,1
user0x119e,0
user0x10ff,1
user0x12d8,1
user0x245,1
user0xd9d,1
user0x11c5,1
user0xc3,1
user0x4ef,0
user0xac,0
user0x129e,0
user0xb06,0
user0xe9c,0
user0x14e3,0
user0xd81,0
user0xb36,0
user0xa09,1
user0x39c,0
user0xabe,0
user0x3f5,1
user0x14eb,1
user0x188b,0
user0x495,0
user0x61a,1
user0xa25,0
user0xda7,1
user0x669,0
user0x1231,1
user0x14df,0
user0x1a78,0
user0xdaa,1
user0x596,1
user0x6e0,0
user0x114a,0
user0x1230,1
user0x19a9,0
user0x1761,1
user0x4e,1
user0x25c,0
user0x4d7,1
user0x14fa,0
user0x19f,0
user0x14f6,1
user0xbcd,0
user0x17ff,0
user0x3d6,1
user0x48c,0
user0x6f3,1
user0x16f2,0
user0x19ae,1
user0xfd1,1
user0x1484,0
user0x1523,1
user0x24a,1
user0x253,1
user0x713,0
user0x32c,1
user0x79d,1
user0xc2e,0
user0x1a16,0
user0x48f,0
user0x115c,0
user0x78a,1
user0xed9,0
user0x12bc,1
user0x1216,1
user0xdc,0
user0x14c9,0
user0x429,0
user0x1542,0
user0x69c,0
user0x1150,0
user0x10e3,1
user0x7dd,1
user0x19c9,1
user0xd1d,0
user0x14ad,0
user0x306,0
user0xd37,0
user0x131,0
user0xde0,1
user0xb8f,1
user0x1b7,0
user0x2c9,1
user0x190c,1
user0xdf,0
user0xc55,0
user0xddd,1
user0x1532,0
user0x400,0
user0x1950,1
user0x43a,1
user0xaa7,0
user0x1197,0
user0x8f5,0
user0x2de,0
user0x68a,0
user0x10f3,1
user0x133d,0
user0xcb8,1
user0x17c7,1
user0xf04,0
user0xc76,1
user0x1503,1
user0xd32,0
user0x1aca,1
user0x841,1
user0xcb7,1
user0x66b,0
user0x165,1
user0x212,0
user0x1a57,0
user0x13da,1
user0x445,1
user0xde8,0
user0xc71,0
user0x1218,0
user0x152e,0
user0x19f6,0
user0x1549,0
user0x1566,1
user0x921,1
user0xff1,1
user0x143c,1
user0xdaf,1
user0x1b04,0
user0x11d0,1
user0x184c,0
user0x1450,0
user0x1a53,0
user0x114c,0
user0x742,0
user0x1756,0
user0x1aa7,0
user0x978,0
user0xe24,0
user0x1859,1
user0x1a96,0
user0x556,0
user0x19e,1
user0xe02,0
user0x91a,1
user0xdfe,0
user0x19b4,0
user0xa89,1
user0x15f9,0
user0x145a,0
user0xf76,0
user0x1986,0
user0x1383,1
user0x1926,1
user0x1fc,1
user0x1328,0
user0x1a7a,1
user0x990,0
user0x6f5,0
user0xe20,0
user0x1955,1
user0x1154,0
user0x144e,0
user0x109c,1
user0xe65,0
user0x13fd,1
user0x57a,0
user0xb02,0
user0x750,1
user0x188e,0
user0xb4,0
user0xfac,0
user0x11d6,1
user0x87d,1
user0xada,1
user0x1725,0
user0xf2c,1
user0x57,0
user0x12f8,0
user0x182e,0
user0x21b,1
user0xd76,0
user0x1253,1
user0xfde,0
user0x1259,0
user0xccf,0
user0x1052,1
user0x130c,1
user0x29,1
user0x175c,0
user0x172c,1
user0x1aaf,0
user0xb1e,1
user0xb72,1
user0x1abe,1
user0x1672,1
user0x94f,0
user0x56f,0
user0x1035,1
user0x183,0
user0x747,0
user0x52f,0
user0x1a2d,1
user0x1679,0
user0x1ae8,1
user0x156c,1
user0x709,0
user0x7a3,1
user0x1805,1
user0x12bf,0
user0xa23,1
user0x2eb,0
user0x2fc,1
user0x16e8,0
user0x103b,0
user0x1252,0
user0x16c0,0
user0x2fd,0
user0x4f6,0
user0x19d3,0
user0xe73,0
user0xa8f,0
user0x1563,1
user0x1439,0
user0x97,1
user0x408,0
user0x9cc,0
user0x5a2,1
user0x12e4,0
user0x15a,1
user0xd8c,0
user0x1ac5,0
user0xa46,0
user0x686,1
user0x1498,0
user0x10ec,0
user0xceb,1
user0x2c2,1
user0x1610,0
user0x1934,0
user0xd6a,1
user0x1667,1
user0xe56,0
user0x578,0
user0xc57,1
user0x8c0,0
user0x1ac0,0
user0x1057,1
user0x209,1
user0x18c5,1
user0x1632,1
user0x116e,1
user0x18b8,0
user0x4b1,0
user0x18e5,0
user0x16b8,0
user0x248,0
user0x195c,1
user0x5e5,0
user0xe28,1
user0xd8a,0
user0x1aba,0
user0x13d1,0
user0x476,0
user0x123e,0
user0xa,0
user0xdb6,1
user0xdbe,1
user0x67a,1
user0xb94,1
user0xbbe,0
user0x1536,0
user0xa6f,0
user0xcc5,0
user0x833,0
user0xed1,1
user0x16ff,1
user0xdf5,0
user0xc8d,0
user0xf11,1
user0xd26,1
user0xfe6,0
user0x8e4,1
user0x580,1
user0x19d1,1
user0x13ba,0
user0x1953,1
user0xd3b,0
user0xb5e,0
user0x66f,0
user0x1211,0
user0x2b0,0
user0xd1b,1
user0x123d,0
user0x185c,0
user0x12e2,0
user0x68d,0
user0x47d,1
user0xfa5,1
user0xfb2,1
user0x13f4,0
user0x5d5,1
user0x196a,0
user0x52b,1
user0x128f,0
user0x13e9,1
user0x196b,0
user0x149b,1
user0xb82,1
user0x1406,0
user0xc79,1
user0x827,0
user0x395,1
user0xdd5,1
user0xdd3,0
user0x11b0,0
user0xf31,0
user0x2c3,1
user0x11c6,0
user0x247,1
user0xa49,0
user0xfa4,1
user0x19bd,0
user0x1892,1
user0x1256,0
user0x15b0,0
user0x1395,1
user0x191f,1
user0x8ce,1
user0x1288,1
user0x911,0
user0x664,1
user0x173e,1
user0xffb,0
user0xe66,1
user0x647,1
user0x621,0
user0x158d,0
user0xc15,1
user0x710,1
user0x9b0,0
user0x1f3,0
user0xe64,0
user0x1075,0
user0x1543,0
user0x146d,0
user0x330,0
user0xd75,1
user0x1092,1
user0x16ea,0
user0x1991,0
user0x275,1
user0x1a40,1
user0x4ac,0
user0x113e,0
user0x1479,0
user0xcc,1
user0xc30,0
user0xee6,0
user0x1744,1
user0x1960,1
user0xa5a,1
user0xabb,1
user0x1b3b,0
user0xc2c,0
user0x6da,0
user0x12be,0
user0x1842,0
user0x1a5d,1
user0x3d3,1
user0xdc8,1
user0x225,0
user0x1a26,0
user0x1576,0
user0x591,0
user0x12fb,0
user0xcf7,0
user0x240,0
user0x5ac,1
user0x165a,1
user0x12e3,0
user0x16f8,1
user0x155,0
user0x1460,1
user0x1303,0
user0x19b0,1
user0x13e4,1
user0x12f,0
user0xca8,1
user0x139c,1
user0x1676,1
user0x1377,1
user0xb35,1
user0xf1,1
user0x17d0,0
user0x5c7,1
user0x312,0
user0x63d,1
user0xaa,0
user0xcc2,0
user0x1912,1
user0x380,0
user0x467,1
user0x1981,1
user0xad7,1
user0x560,0
user0x101e,1
user0x651,1
user0x767,1
user0x851,0
user0x164d,1
user0x27b,1
user0x1209,1
user0x19b3,1
user0x1249,1
user0x15c9,0
user0x29e,0
user0xf8a,1
user0x1538,0
user0xc8e,0
user0xaea,0
user0x2a9,0
user0x908,0
user0xfbf,1
user0x10a3,1
user0x159b,0
user0xd57,1
user0xf98,0
user0x180e,0
user0x1428,0
user0x156f,0
user0x16fe,0
user0xad1,0
user0x631,0
user0x1931,1
user0x16ce,1
user0x545,1
user0x362,1
user0x1655,0
user0x1aae,1
user0x18dc,1
user0x1a8d,1
user0x1939,1
user0x6e7,1
user0x10c6,1
user0x1b4e,1
user0x18b0,1
user0x1246,1
user0x18d3,0
user0xecb,0
user0x17a7,0
user0x9fd,1
user0x16f0,0
user0x127d,0
user0x14c5,0
user0x4a9,0
user0xb79,0
user0xc6c,1
user0x4c4,0
user0xea9,0
user0x1491,1
user0x4aa,1
user0xa43,1
user0x1a33,0
user0x171a,0
user0x1673,0
user0x6a2,1
user0x14a2,0
user0x9ac,0
user0x121f,0
user0x1559,0
user0x1e5,1
user0x1897,0
user0xd02,0
user0xa57,1
user0x1399,0
user0x8e9,1
user0x797,1
user0xb00,0
user0xec6,0
user0x3b3,0
user0x5d1,1
user0x744,0
user0x1223,0
user0x448,1
user0x84c,0
user0x132f,0
user0xa5f,0
user0x16de,1
user0x1b20,0
user0x1527,0
user0xb08,0
user0x1fe,1
user0xfc3,0
user0x745,1
user0x1be,0
user0x54f,1
user0x215,0
user0xcb4,0
user0x1a27,0
user0xa6c,1
user0x19ab,1
user0xcf1,0
user0x1a3a,1
user0xaab,1
user0x1752,0
user0x6c2,1
user0xe12,1
user0x125e,0
user0x193f,0
user0x158a,1
user0x1993,1
user0x1933,0
user0x698,1
user0x1594,0
user0xa0,0
user0xf64,0
user0x1384,0
user0x14e7,1
user0xa77,0
user0x60f,1
user0x189a,1
user0x1505,0
user0xc19,1
user0x8b1,0
user0x1a0e,0
user0x116b,1
user0xa29,1
user0x821,1
user0x1072,0
user0x266,0
user0x105b,0
user0xefd,1
user0x101f,1
user0xf82,1
user0x1621,1
user0x7d1,1
user0x9f9,0
user0x1581,1
user0x67d,1
user0x1883,1
user0x8e,0
user0x102,1
user0x5d8,0
user0x642,0
user0xab5,1
user0x289,0
user0x913,0
user0xea7,1
user0x3ca,0
user0x1647,0
user0xbbf,1
user0x17bc,0
user0x9c4,0
user0x553,1
user0xbf0,1
user0x110e,1
user0x1b0d,0
user0x18e0,0
user0x6a0,0
user0x17fd,0
user0x991,1
user0x777,1
user0x12ee,0
user0x196,1
user0x70d,1
user0x715,1
user0xb75,1
user0x17b2,1
user0x1138,1
user0xd97,1
user0x1cf,0
user0x4c7,0
user0x107f,1
user0x1611,0
user0xf9d,0
user0x1067,1
user0x1119,0
user0x65f,0
user0x2ab,1
user0xb11,1
user0x1324,1
user0x45e,1
user0xd83,0
user0xa14,0
user0x1599,1
user0xf56,0
user0xd0c,0
user0xc7,1
user0x849,1
user0x1554,0
user0x92e,0
user0x1027,1
user0x1044,0
user0x96a,0
user0x12fc,0
user0x102e,0
user0x9e0,1
user0x1617,0
user0x16d,0
user0x817,1
user0x17d2,0
user0x111f,0
user0xc9a,1
user0xbd7,0
user0xbf8,1
user0x9f5,0
user0x56c,1
user0x62d,0
user0x80e,0
user0x1957,1
user0xa31,1
user0x26,0
user0xb88,0
user0xf4d,0
user0x9fc,1
user0xcce,0
user0xa7e,1
user0x1922,0
user0x421,1
user0x13c6,0
user0x174c,1
user0x449,1
user0xea8,1
user0x5bf,0
user0x14dc,1
user0xf27,0
user0x1c4,0
user0x1339,0
user0x33c,1
user0x1996,1
user0xb78,1
user0x14c3,0
user0x2d2,1
user0x1ab0,0
user0x19b6,0
user0xb48,0
user0x63b,1
user0x1677,1
user0xf83,1
user0xc18,0
user0xea4,1
user0x1451,0
user0x1a13,1
user0x111b,1
user0xfed,0
user0x131e,1
user0x1a17,0
user0x8d3,1
user0x7ea,1
user0x1ac9,0
user0xd18,1
user0x18d6,0
user0x1952,1
user0x5a5,1
user0x1272,0
user0x11d4,1
user0x1787,1
user0x1ad,1
user0xf6e,1
user0x4ba,0
user0x394,0
user0x10a6,0
user0x138f,1
user0xa35,0
user0x9be,1
user0x3e8,0
user0x38,1
user0xbcc,1
user0x1381,0
user0xd0,0
user0x83f,1
user0x5a0,1
user0x1a9,0
user0x2b9,0
user0x4f1,0
user0x657,1
user0x639,1
user0x8fd,1
user0x11ec,0
user0x12d4,1
user0x1866,1
user0x1586,1
user0x3d2,0
user0x1932,0
user0x13c1,1
user0x333,1
user0x1943,0
user0x152b,0
user0x5bb,0
user0x1723,1
user0x26d,1
user0x1455,1
user0xfa6,0
user0xbe8,1
user0x6f2,1
user0xfe2,0
user0x150,0
user0xa52,1
user0x43b,1
user0xa2f,1
user0xdf1,0
user0xfb8,0
user0x13f1,0
user0x186,0
user0x2e1,0
user0x71,0
user0x42c,1
user0xf53,0
user0x3a9,1
user0x8fb,1
user0x1936,1
user0x101,0
user0x8be,1
user0x53b,0
user0x480,1
user0x1830,0
user0x3e0,0
user0x736,0
user0x9fe,0
user0x7b4,0
user0x1202,0
user0x120e,0
user0xe50,0
user0x19fa,1
user0x84,1
user0x99e,0
user0x1023,1
user0x1b9,0
user0x1040,0
user0x7ed,0
user0x684,0
user0x87f,1
user0x13db,0
user0x1962,0
user0x63e,1
user0xaa5,0
user0x1b2d,0
user0xa0c,0
user0x50e,1
user0x87,0
user0x1919,0
user0x67b,1
user0x6d0,0
user0x4fe,1
user0x1466,0
user0x139f,0
user0xdda,0
user0x1737,0
user0xfd9,1
user0x81,1
user0xa8c,0
user0x1b,0
user0x1612,0
user0x11c4,0
user0x4d2,0
user0x18a9,1
user0x1a10,1
user0x1a1a,1
user0xfcb,1
user0x14a3,1
user0x13bd,1
user0x1cb,0
user0xde6,0
user0x957,0
user0x7d9,0
user0x18e2,0
user0x9a2,0
user0x1169,1
user0x70c,1
user0x1b35,0
user0xca,1
user0x183e,1
user0x1069,1
user0xe43,1
user0x3c4,0
user0x7c,0
user0xbd1,1
user0x1abf,0
user0x7ad,1
user0xb9c,0
user0xb90,0
user0x11be,0
user0x1628,1
user0xbb4,1
user0x287,1
user0x15fe,0
user0xcfb,0
user0x10d4,0
user0x6dd,1
user0x634,1
user0x3a7,0
user0x5aa,1
user0x20b,0
user0x549,0
user0xc42,1
user0x4a4,1
user0x10d9,1
user0x15fd,0
user0xd70,1
user0x17ee,0
user0x36d,1
user0xcde,1
user0x7e6,0
user0x13a7,0
user0x42,1
user0xe6e,0
user0x1105,1
user0x5c9,1
user0x187a,0
user0xf34,0
user0x197c,1
user0xd65,1
user0x1675,1
user0x166e,1
user0x798,1
user0x1294,0
user0x146a,0
user0xf5b,1
user0x1120,1
user0xdd6,1
user0x1b54,0
user0x30e,0
user0x873,0
user0x1018,1
user0xe2,1
user0x2f8,0
user0x16ed,0
user0x202,0
user0x645,0
user0x10b7,1
user0xb4b,0
user0xf5a,1
user0x14a1,0
user0x38c,1
user0xc1,1
user0x14d1,1
user0x2e6,0
user0x264,0
user0x1414,0
user0x74e,1
user0x1540,0
user0xe36,1
user0x191,1
user0xdd4,1
user0x351,0
user0x1637,1
user0x6c0,1
user0x176,0
user0x1570,1
user0xb77,0
user0x1219,0
user0x1355,1
user0x3ef,0
user0x1a2e,1
user0x1978,1
user0x199,1
user0x242,0
user0x2b4,0
user0x64b,0
user0xaae,0
user0x28f,0
user0x11bc,0
user0x13d5,0
user0xeff,0
user0x14ec,1
user0x14a9,0
user0xc3d,1
user0x24e,1
user0xb5a,1
user0x627,1
user0x11de,0
user0xc39,1
user0x17ad,1
user0x95c,1
user0xc34,0
user0xa64,0
user0x74f,1
user0x1a38,1
user0x2e7,0
user0x1820,1
user0xb6,1
user0x147b,1
user0x10f2,1
user0xa9c,0
user0x41d,0
user0x132d,1
user0x28d,0
user0x94,0
user0x2c4,0
user0x171,0
user0x17,0
user0xcf0,0
user0x505,1
user0x7a5,1
user0x8d4,1
user0x4af,0
user0x119c,0
user0x1d5,0
user0x1a5a,0
user0x4a8,1
user0x6a,0
user0x5cc,0
user0x1681,0
user0x15e,1
user0xfb3,0
user0x4ec,1
user0x30,0
user0x17cb,0
user0x12c8,1
user0x5a3,0
user0x19aa,1
user0x109b,0
user0x15af,0
user0x1a32,1
user0x9cf,1
user0x1464,1
user0xe18,1
user0x19a5,0
user0x1769,1
user0x1a41,0
user0xbd9,1
user0xad3,0
user0x1a44,0
user0x13df,0
user0x198f,0
user0x84d,0
user0x1e,0
user0x902,0
user0x4ca,1
user0x919,1
user0xd55,1
user0x1694,0
user0xad,0
user0xa74,0
user0x1925,0
user0xca9,0
user0x14be,0
user0x1714,0
user0x155c,1
user0x1abb,1
user0x327,0
user0x5bd,1
user0xf3e,0
user0x1674,1
user0x169d,0
user0x13ce,1
user0xc7b,0
user0x1ed,0
user0x3e9,0
user0x90d,0
user0x14e1,0
user0x1ae0,1
user0x3cc,0
user0x1a8a,0
user0x154d,0
user0x17bd,0
user0xafb,0
user0x180,1
user0x12a5,1
user0x100e,0
user0x67f,1
user0xd11,0
user0x6a5,0
user0x1010,1
user0x15d0,1
user0x422,0
user0x280,0
user0xbc2,0
user0xafd,0
user0x16df,1
user0x19b1,1
user0x4a2,1
user0xa66,1
user0x1876,0
user0x6b4,0
user0x9a5,0
user0x780,0
user0xc47,0
user0x1872,0
user0x15e2,0
user0x249,0
user0x13a1,1
user0x1b27,1
user0x4c,1
user0x15cf,0
user0x940,0
user0x271,1
user0xd4b,1
user0xe81,1
user0x57f,0
user0x771,0
user0x127f,1
user0x177,1
user0x50,0
user0x87a,1
user0x101d,0
user0xae2,1
user0xae9,0
user0x1757,1
user0xbd,0
user0x1a46,0
user0x194f,1
user0x1ae6,0
user0x1715,1
user0x80b,1
user0x1161,1
user0x14db,1
user0x8c8,1
user0x567,1
user0x1396,0
user0x167b,0
user0x1a2c,1
user0xd94,0
user0x17e3,0
user0xc22,0
user0x83e,1
user0xf0,1
user0x5ed,1
user0x1598,0
user0x2a4,0
user0xe76,0
user0x184b,0
user0x1604,0
user0x1923,0
user0x566,1
user0x4b5,0
user0x996,0
user0x1485,1
user0x403,1
user0x718,1
user0x16f6,0
user0x17d7,0
user0xd66,0
user0x12bb,1
user0xb0e,1
user0x185f,0
user0xbef,0
user0x274,0
user0x945,0
user0x16f4,0
user0xbfe,0
user0x93f,0
user0x15a6,1
user0x50c,1
user0x17e2,0
user0x1354,1
user0xafe,0
user0xc4e,0
user0xb0a,1
user0xf0c,0
user0xa36,0
user0xfd0,0
user0x1376,1
user0x18fe,0
user0xe21,1
user0x18ec,1
user0x676,0
user0x8c,1
user0x635,1
user0x9c0,0
user0xfc5,0
user0x1b00,0
user0x1334,0
user0x1750,0
user0x42d,0
user0x470,0
user0x10e5,0
user0x3e7,0
user0xa9b,1
user0xc80,0
user0x191d,0
user0x18,0
user0x865,1
user0x1274,0
user0x105,1
user0xf46,0
user0xbe0,0
user0xce1,0
user0x1732,0
user0x976,0
user0xda2,1
user0xe19,0
user0x69f,0
user0x8,0
user0x42a,1
user0x76e,1
user0x1379,1
user0x6b1,0
user0xbf5,1
user0x190,0
user0x1772,1
user0x1891,0
user0x7ca,0
user0x603,0
user0x192a,0
user0x1026,1
user0x360,0
user0x1a50,1
user0x981,1
user0x17e6,1
user0x10cf,1
user0xd00,0
user0xc1d,0
user0xd22,1
user0xa08,1
user0x1716,0
user0x37a,1
user0x129d,1
user0x1353,0
user0x15ed,0
user0x2ba,0
user0x102b,0
user0x125,1
user0x11a7,1
user0xfd7,1
user0x137e,0
user0xaa4,1
user0x8f9,1
user0x13d7,1
user0xecc,1
user0xfc9,0
user0x458,1
user0x277,0
user0xd4,0
user0xfd6,1
user0x1908,0
user0x649,0
user0x1ac8,0
user0x1745,1
user0x948,0
user0xc6,1
user0x18b9,0
user0xec5,0
user0x1aec,0
user0x183b,0
user0x120b,0
user0x1b55,0
user0x177f,0
user0xf68,0
user0x78e,1
user0xdcf,0
user0x23a,1
user0x12b2,1
user0xc45,1
user0x13c2,1
user0xe90,1
user0xa47,0
user0x127,0
user0xc63,0
user0xb3c,1
user0x14ac,0
user0x17a5,1
user0x14b2,1
user0x10fc,1
user0x1335,0
user0xcee,0
user0x4b4,0
user0x15da,1
user0x237,1
user0x98e,1
user0xbb8,0
user0x987,0
user0x14dd,0
user0x1a89,1
user0x825,1
user0x9cd,0
user0xe27,0
user0x1541,0
user0x19f4,1
user0x66d,1
user0x11eb,1
user0xee7,1
user0x1a72,1
user0x2ee,0
user0x489,1
user0xfa1,0
user0x81a,0
user0x115,0
user0x109e,0
user0x47a,1
user0x126,1
user0x3d1,0
user0x1103,0
user0x6e1,1
user0xbca,1
user0x490,0
user0xdbd,0
user0x90a,0
user0xcfc,1
user0xdd9,0
user0x1a7f,0
user0x18df,1
user0x559,0
user0x15eb,0
user0x388,0
user0x1201,0
user0x1043,0
user0xa19,0
user0x16f1,1
user0x163d,1
user0x522,0
user0xff5,1
user0xf4b,1
user0x6be,1
user0x935,0
user0x160f,0
user0x1857,1
user0x17d4,0
user0x15e9,0
user0x16e1,0
user0x114e,0
user0x1627,1
user0x575,1
user0x4dc,1
user0x341,1
user0x95,1
user0xe3f,0
user0x92c,1
user0x1a37,0
user0xb8,0
user0x377,1
user0x398,0
user0x5cf,0
user0xb6e,1
user0xe32,0
user0x16c2,1
user0x178d,0
user0x1956,1
user0x2a0,0
user0x774,1
user0x83c,0
user0x7f3,1
user0x8b7,0
user0x108,0
user0xce3,1
user0x9c8,0
user0x1254,0
user0x1a1f,0
user0x583,1
user0x1988,1
user0xbd6,0
user0x1a7c,1
user0xd1,1
user0x19a6,0
user0x8ca,0
user0x95b,0
user0x159c,0
user0x5dc,0
user0x8f3,0
user0x43c,0
user0x4f3,0
user0x455,1
user0xddb,1
user0xabd,0
user0xd7e,1
user0x127a,1
user0x14d4,1
user0xb42,1
user0xd6d,0
user0x13b4,1
user0xcfa,1
user0xf7e,0
user0x329,0
user0xc62,0
user0xbd4,0
user0xb3b,0
user0xcb6,0
user0xf87,0
user0xbd5,0
user0x1aab,0
user0x1947,1
user0x33,1
user0x19e8,1
user0x140d,1
user0x1171,0
user0xc52,0
user0x7b1,0
user0xa99,0
user0x552,1
user0x5ea,1
user0x868,1
user0x17f3,0
user0x70,1
user0x1739,1
user0xa8,1
user0x912,1
user0x15de,0
user0x123f,0
user0x14fc,1
user0x199f,0
user0x1af5,0
user0xa2a,1
user0x1614,0
user0x10a0,0
user0x4dd,1
user0x54a,1
user0xeae,0
user0x108b,1
user0x485,0
user0xdd1,0
user0x175f,0
user0xcfe,0
user0x1511,1
user0x1b1e,0
user0x45b,1
user0x9b3,1
user0x355,0
user0x1b48,0
user0x1153,1
user0x18f3,0
user0x8d2,0
user0xf3b,1
user0x35,1
user0xfdd,0
user0x1ae5,0
user0x881,0
user0x18be,0
user0x18fc,1
user0x126b,0
user0xe74,0
user0x13e3,0
user0x9f8,0
user0x161a,0
user0xb19,1
user0x4bc,1
user0x1338,1
user0x10a7,0
user0xc49,0
user0x1160,1
user0x1910,0
user0x182c,0
user0xf08,0
user0xf9a,1
user0x1ab2,1
user0x11e9,0
user0xe07,0
user0x19ce,1
user0xacd,1
user0x169b,0
user0x203,1
user0x18f7,1
user0xa95,0
user0x164,1
user0x18eb,0
user0xa96,0
user0x211,0
user0xcf8,0
user0x3b,1
user0x3b4,0
user0x153a,0
user0x119,1
user0x149f,0
user0xd14,1
user0x65d,1
user0xade,1
user0x1054,0
user0x1519,1
user0x174e,0
user0x175b,1
user0x1c3,0
user0xdf7,1
user0xaac,0
user0x1569,1
user0x4fc,0
user0x503,1
user0xfcf,1
user0x1999,0
user0x5fa,0
user0xfc1,1
user0x325,1
user0x19df,1
user0x5f9,1
user0x9fa,0
user0xea5,1
user0x15ae,0
user0x31,1
user0xa83,0
user0xbee,0
user0x321,0
user0x1803,0
user0x557,1
user0x1a8,0
user0x1a45,0
user0x0,0
user0x11d8,1
user0x13d0,0
user0x7f2,1
user0x4f5,0
user0xb0,0
user0x187c,1
user0x200,0
user0x506,0
user0x5b6,1
user0x969,1
user0x1473,1
user0x157b,0
user0x950,0
user0x2fe,1
user0x544,1
user0xec9,0
user0x9b2,1
user0x41e,0
user0x1909,0
user0x17bf,0
user0x997,0
user0x14ee,1
user0x214,0
user0x1822,0
user0x1858,0
user0x1af9,1
user0x17c,0
user0x74a,0
user0x18b7,0
user0xd12,1
user0xa79,0
user0x1733,1
user0x3a2,0
user0xa42,0
user0x9de,0
user0x1b15,0
user0x1b51,0
user0x1a3,1
user0x1271,1
user0xe82,0
user0x5c8,0
user0x423,1
user0x7b2,1
user0x1050,0
user0x49,1
user0xc65,1
user0xa2c,1
user0xb40,1
user0x4e4,0
user0x112a,0
user0x766,0
user0xa26,0
user0x748,0
user0x5b5,1
user0x11fb,0
user0x49d,1
user0x18c8,1
user0x1e8,0
user0x464,0
user0x4e9,0
user0x605,1
user0x184,0
user0xbf9,0
user0xf4f,1
user0x186c,0
user0x8a3,1
user0x50a,0
user0x9ce,1
user0xbb3,0
user0x135d,0
user0x1a12,1
user0x1c7,1
user0x32f,0
user0x43e,1
user0xb68,1
user0xa4e,0
user0xc3a,1
user0x1aac,1
user0x1aa9,0
user0x4ff,1
user0x125c,0
user0x595,0
user0xad9,0
user0x8ae,1
user0x160,1
user0x1143,0
user0x14a0,0
user0xe87,0
user0xd3d,1
user0xf21,0
user0x822,1
user0x4b3,1
user0x57d,0
user0x17a6,1
user0x6a3,0
user0x6a9,0
user0xb61,0
user0x126e,0
user0x190f,0
user0x1809,0
user0x4fa,0
user0x89f,0
user0xa3,0
user0x7ff,1
user0x161d,1
user0xcd0,0
user0xd20,0
user0xe68,1
user0x1940,0
user0x1a08,1
user0x198,0
user0x108e,0
user0x1016,1
user0x1753,0
user0x13ed,1
user0x281,0
user0x1747,0
user0x53f,0
user0x1180,0
user0x378,0
user0x615,0
user0x43d,1
user0xf57,0
user0x213,0
user0xbc0,1
user0x98f,0
user0x1a21,0
user0x1af0,0
user0xacf,0
user0x687,0
user0x83d,1
user0x47c,1
user0x1312,1
user0xc5e,0
user0x10a,1
user0xeb3,0
user0x1a9f,1
user0xe98,0
user0x168,1
user0x5b4,1
user0xd5d,1
user0x3b8,1
user0x870,1
user0x1adb,1
user0x626,0
user0x1852,1
user0xd09,0
user0x1898,1
user0x1405,0
user0x1533,1
user0x732,1
user0x8a0,1
user0xba3,1
user0xd6c,0
user0x16c4,0
user0x2f2,0
user0x14bb,0
user0x562,0
user0x3d4,0
user0x834,1
user0x11e,0
user0xdcd,1
user0xc10,0
user0x482,0
user0x1437,1
user0x5e7,0
user0x176a,1
user0x1087,0
user0xcbd,1
user0x15ea,0
user0x88f,0
user0xd3,1
user0x17ef,1
user0xc5c,1
user0x112,0
user0x58,1
user0xaee,0
user0x914,1
user0x12a,0
user0x1237,0
user0xe5a,0
user0x18e9,0
user0xec0,0
user0x16d7,0
user0x13b,1
user0x1875,0
user0x867,1
user0xcd8,0
user0xc2d,0
user0x1975,0
user0x7e4,1
user0x17bb,0
user0xb9e,0
user0x4fb,1
user0x96d,0
user0x210,0
user0x1134,0
user0x5e1,0
user0xe0e,0
user0x155e,0
user0x146e,1
user0x14b3,1
user0xe61,0
user0x526,0
user0xd34,0
user0x1341,0
user0xbda,1
user0x94c,0
user0x12cb,0
user0x17c2,0
user0x10d7,1
user0xa38,0
user0x48e,1
user0x1275,0
user0xd8f,0
user0x1711,0
user0x198c,0
user0x19ff,1
user0x17ce,0
user0xb37,1
user0x4c6,0
user0x1759,0
user0x1a9a,0
user0x109f,0
user0x7be,0
user0x175d,0
user0xfb4,0
user0x173,1
user0xd9a,1
user0x853,0
user0xd5a,0
user0xd60,0
user0x602,0
user0x1a7d,1
user0xab8,0
user0x611,1
user0x10ef,1
user0x1595,0
user0xb01,1
user0x171c,0
user0x26a,0
user0x94d,1
user0x1442,0
user0x1127,0
user0x11ae,1
user0x1117,0
user0xdc4,1
user0xa45,1
user0x1a7b,0
user0x101b,1
user0x1882,0
user0xace,0
user0xf37,0
user0x678,0
user0x12d2,0
user0x3c9,1
user0x733,1
user0xbd0,1
user0xc4f,0
user0xd3a,0
user0x186a,0
user0x13b6,1
user0x4bb,0
user0x178b,0
user0x594,1
user0x1945,1
user0x1aa,1
user0xffe,0
user0x15c6,0
user0x10af,0
user0x783,1
user0x1251,0
user0xd43,0
user0x19d4,1
user0x194,0
user0x1eb,1
user0x190b,0
user0xda6,1
user0x338,0
user0x9ee,0
user0xe59,1
user0x134f,0
user0xae6,1
user0x1aad,1
user0xdbb,1
user0x17f2,1
user0x1a8b,1
user0x1369,0
user0x6fc,1
user0x155a,0
user0x88b,0
user0x861,1
user0x1199,0
user0xcae,1
user0x731,1
user0x13b7,0
user0x1518,0
user0x4b9,0
user0x3ce,0
user0x1da,0
user0xcef,0
user0xd7,1
user0x290,1
user0x11f4,1
user0xca3,0
user0x9d7,1
user0x62f,1
user0x121a,1
user0x1818,1
user0x46a,1
user0xbde,0
user0x80f,1
user0x1ad9,0
user0x11f0,0
user0x1137,0
user0x83,0
user0x10fb,1
user0x1522,0
user0xdee,0
user0x53d,0
user0x888,0
user0x1b30,0
user0x1287,0
user0x252,0
user0x1949,0
user0x18db,1
user0x32a,1
user0xf7,1
user0x16ca,1
user0x1116,0
user0x1d,1
user0x45f,0
user0xd23,0
user0x12ea,0
user0xae8,1
user0x1093,1
user0x1293,0
user0x177d,1
user0x7b6,0
user0x123a,0
user0x279,1
user0x2e,1
user0x1888,0
user0x1289,1
user0x178e,0
user0x364,1
user0x137a,1
user0x528,0
user0x1829,1
user0x133b,1
user0x607,1
user0x17fa,1
user0x1021,0
user0xde7,1
user0x1588,1
user0x1079,0
user0x9c7,1
user0x1421,0
user0xdef,0
user0x1255,0
user0xbf2,0
user0x35c,0
user0x1009,1
user0x85a,0
user0x7c0,0
user0x1315,0
user0x906,1
user0xac7,1
user0x9e3,0
user0x350,1
user0x4db,0
user0x1269,0
user0x104e,0
user0x10ae,1
user0x14cd,0
user0xbe5,0
user0x49c,0
user0xd84,0
user0x10ea,0
user0x943,0
user0x2,0
user0x1aa1,0
user0x1b28,1
user0x6db,1
user0xfab,0
user0x15c4,1
user0x418,0
user0x14d8,0
user0x58a,1
user0x13aa,1
user0x118b,0
user0x19d9,1
user0x35e,0
user0xf17,1
user0x17e7,1
user0x1a43,0
user0x9f7,1
user0x1b0a,0
user0x97f,0
user0xed5,1
user0x136,0
user0x652,1
user0x444,0
user0x794,1
user0x172d,1
user0xef1,1
user0x4cd,0
user0x12f7,1
user0x19d7,0
user0x1557,0
user0x6c5,1
user0x1b3f,1
user0x1297,1
user0xea6,1
user0xbf7,0
user0x15f2,0
user0xa3e,1
user0x571,0
user0x12e6,1
user0x11d2,1
user0x10fd,0
user0x18fb,0
user0xb12,1
user0x15e8,1
user0x965,0
user0xbc1,1
user0x101a,1
user0x2fa,0
user0x13f6,0
user0xf32,0
user0x180f,1
user0x3c6,0
user0x1640,0
user0xcf2,1
user0xd71,0
user0x2aa,0
user0x135f,1
user0x9f2,0
user0x3df,1
user0x392,0
user0x16c1,0
user0x15c0,0
user0x1a09,1
user0xb9,0
user0x39a,0
user0x17f0,0
user0x104a,0
user0xde4,0
user0x1a20,0
user0x653,1
user0x726,0
user0x9b4,0
user0xc4c,1
user0x2e4,0
user0x1823,1
user0x3cb,0
user0xa04,0
user0x1333,0
user0xf7a,0
user0x15b8,1
user0x45c,0
user0x16ad,1
user0x9c,0
user0x9a3,1
user0xf14,1
user0x33f,0
user0x154e,1
user0x343,0
user0xb09,0
user0x1f6,1
user0x198a,0
user0x3dd,1
user0xf61,1
user0x39b,0
user0x7fc,0
user0x7bc,0
user0xf9,1
user0xf47,1
user0x1420,1
user0xa7b,0
user0x542,0
user0x18ff,0
user0x176b,1
user0xe45,1
user0x163,0
user0x2e8,1
user0x34c,1
user0x2d3,1
user0x7b8,1
user0xb8b,0
user0x10f4,0
user0x8a6,0
user0x1512,0
user0x1a11,0
user0xe40,0
user0xf1e,0
user0x1188,1
user0x16d2,0
user0xcdc,1
user0x170a,0
user0x4ea,1
user0xbac,1
user0x55,1
user0x2ea,1
user0x149c,1
user0x74b,1
user0x523,1
user0x144d,1
user0xf3a,0
user0x1390,0
user0x3c2,1
user0x122a,1
user0x109,1
user0x97c,1
user0x1014,0
user0xc0e,0
user0xc43,0
user0x815,0
user0x106a,0
user0x11b5,0
user0x708,1
user0x8bb,0
user0xdd7,0
user0xbf6,1
user0x8a4,0
user0x1a9e,1
user0x10aa,1
user0x19c0,1
user0x7c1,0
user0x55b,1
user0x84a,0
user0x168c,1
user0xf43,0
user0x1a3f,1
user0x1486,1
user0x1467,0
user0x809,0
user0x1a3d,1
user0x161f,0
user0xf6b,0
user0x80a,0
user0xe7f,0
user0xb58,1
user0x133a,0
user0xefe,0
user0x188c,0
user0x1b14,0
user0x11c,0
user0x5f,0
user0x1a15,0
user0xa68,0
user0xf73,1
user0xd72,1
user0x1748,1
user0x1adf,0
user0xa59,0
user0x1970,0
user0x8e8,1
user0x15a0,1
user0x9d9,0
user0xe1d,0
user0x172b,1
user0x504,0
user0xfb6,1
user0x7d3,0
user0x14e2,1
user0x869,0
user0xeb4,1
user0x8bf,0
user0xf5c,0
user0x1771,1
user0x14e8,1
user0x1037,0
user0x11e2,0
user0x2b,1
user0xf74,0
user0x171d,1
user0x1607,0
user0x1140,1
user0x153d,1
user0xaf2,0
user0xc11,0
user0x1407,0
user0x18f8,1
user0x159d,0
user0x188f,0
user0x10ed,0
user0x1705,0
user0x711,1
user0x3eb,1
user0xf13,1
user0x141c,1
user0x959,1
user0x434,0
user0x1967,0
user0xf0f,0
user0xd54,1
user0x175e,0
user0x14af,1
user0x12c,0
user0xb52,1
user0x9cb,0
user0x3ae,1
user0x1814,1
user0x942,1
user0x4eb,0
user0x17c9,1
user0x9da,1
user0xc54,1
user0x11cf,0
user0x1005,1
user0x349,0
user0x74c,1
user0x146,0
user0x984,0
user0x17dd,0
user0xc88,1
user0x195f,1
user0x5b8,0
user0x137c,1
user0xc3b,0
user0x80d,0
user0x12b6,0
user0x1183,1
user0xa0b,0
user0xc1f,0
user0xd05,1
user0x25b,1
user0x134a,0
user0x1142,1
user0x174b,0
user0x361,1
user0x762,1
user0xfca,0
user0x191e,0
user0x1a3c,1
user0x15b9,0
user0xd27,0
user0x500,0
user0x33e,0
user0xc4d,0
user0xed7,0
user0x770,0
user0x11c7,1
user0x1133,1
user0x802,1
user0x516,0
user0x148,1
user0x12f1,0
user0x6a8,0
user0x9bd,1
user0x1b11,0
user0xfb9,0
user0x16b6,0
user0x1df,1
user0xe2d,1
user0x497,0
user0x1906,0
user0xb8d,0
user0xfaa,0
user0x75,1
user0x1615,0
user0xb2e,1
user0x36f,0
user0x405,1
user0x1d2,0
user0x1558,1
user0x17b0,1
user0x1973,1
user0xc0b,1
user0x14ae,1
user0x154c,0
user0x76d,1
user0x7b7,0
user0x308,1
user0x1238,0
user0x6fa,1
user0x187f,0
user0x17d5,0
user0x1b12,1
user0x1444,0
user0x14e9,0
user0x54,1
user0x681,0
user0xd9f,0
user0x1440,1
user0xae5,0
user0x12f3,0
user0x85f,1
user0x897,0
user0x1ff,0
user0xc89,0
user0x2db,0
user0x8ac,0
user0x1810,0
user0x1212,0
user0x1835,1
user0x12fd,0
user0x15c7,0
user0xadf,0
user0x7d2,0
user0x1551,0
user0x1a8e,0
user0xe52,0
user0x18ed,1
user0x1176,0
user0x661,1
user0x1884,0
user0xac5,0
user0xb2b,1
user0x4a0,0
user0x16b2,0
user0xc32,1
user0xc70,0
user0x807,0
user0x1701,0
user0x10ee,1
user0xff3,0
user0x7f,1
user0x1162,0
user0xa4,0
user0x19e7,1
user0x5e6,1
user0xc7f,0
user0x1ac2,0
user0x527,1
user0x15d3,0
user0x9ec,1
user0x1d8,1
user0x7cd,1
user0x12,0
user0xf70,0
user0xb8c,1
user0x7fa,1
user0x1426,0
user0x859,0
user0x401,0
user0x61,0
user0x1b38,0
user0x172f,1
user0xc2a,1
user0x13ff,1
user0x17de,0
user0xb13,0
user0xc59,0
user0x1734,0
user0x1c1,0
user0x226,1
user0x19ee,0
user0x1114,1
user0xea0,1
user0xb2,1
user0x11b1,0
user0xe46,1
user0x53c,1
user0x1a91,1
user0xddc,1
user0x168f,0
user0xdc0,1
user0x637,0
user0x166b,1
user0x5ec,1
user0x2e5,0
user0x1363,0
user0x6e9,0
user0x1951,0
user0x1e3,0
user0x19a1,1
user0xafa,0
user0x7e5,0
user0x1b0e,0
user0x776,0
user0x9b5,0
user0x1860,1
user0x30c,1
user0x1224,0
user0x17ab,0
user0x4d,1
user0x130e,1
user0x761,0
user0x13ef,1
user0x1af7,0
user0x1937,0
user0x2a1,1
user0x89b,0
user0x12ae,1
user0x136b,1
user0x1ca,1
user0xb31,1
user0x17c5,1
user0x1776,0
user0x14f3,0
user0x2f0,0
user0x79,0
user0xe35,1
user0x2bb,0
user0xb6c,0
user0x1840,0
user0x5d4,0
user0x1aff,0
user0x15a4,1
user0x79c,0
user0x826,1
user0xd25,1
user0x1f,1
user0x86a,1
user0x16d6,0
user0x1817,0
user0xac6,1
user0x45,0
user0x5a9,0
user0x145f,1
user0x1a79,0
user0xc67,0
user0xe2b,1
user0xf25,0
user0x14a6,1
user0xf77,1
user0x19f3,0
user0xc95,0
user0xc4a,0
user0x5fb,1
user0x1195,0
user0x14da,0
user0x980,0
user0x1109,1
user0xdf6,0
user0x15b2,1
user0xc6e,0
user0x778,1
user0x1f8,1
user0x153,0
user0x132e,1
user0xdfc,1
user0x1998,0
user0x31e,1
user0x13a2,1
user0x192b,1
user0x12e8,1
user0x13d2,0
user0x19a2,0
user0x1a4d,0
user0x3d,1
user0x6ef,1
user0x1642,1
user0xb1d,0
user0x1afe,1
user0x99c,0
user0x1b24,1
user0x108d,0
user0x1a5c,1
user0x61f,1
user0x10c1,1
user0x1286,1
user0x1821,1
user0x1168,1
user0xb20,1
user0x699,1
user0x1039,1
user0xbaa,1
user0x973,1
user0x1166,1
user0x19d5,1
user0x620,1
user0xf7d,1
user0x1844,0
user0x923,1
user0x82e,1
user0x139b,1
user0x7f9,1
user0x1115,0
user0x898,1
user0x1b17,1
user0x8e0,1
user0x17d,1
user0xf18,0
user0x96c,0
user0x15ab,1
user0xf48,0
user0x56e,0
user0x1400,0
user0x1a19,1
user0xf4a,1
user0x7a0,0
user0x1042,0
user0x141f,1
user0xb63,0
user0x16cb,1
user0x181c,1
user0x926,0
user0x1071,0
user0xf5,1
user0x59f,1
user0x3fe,0
user0xca1,1
user0x13d4,0
user0x19b,1
user0x8d5,0
user0x426,1
user0x1074,1
user0x1ad4,1
user0x19ea,0
user0x10f7,0
user0xde9,0
user0x299,0
user0x1afd,0
user0x196f,1
user0x105c,0
user0x1b07,1
user0x72,0
user0xf95,1
user0x1560,1
user0x8fe,1
user0x9ad,1
user0xcb2,1
user0x76,1
user0x7bd,0
user0x884,1
user0xa2,1
user0x107,0
user0x163a,0
user0x1521,0
user0x10f6,1
user0x307,1
user0x1307,0
user0x1228,0
user0x1459,1
user0x18d5,0
user0x1244,0
user0x134c,0
user0x15b4,1
user0x1179,0
user0x28b,0
user0xe8b,0
user0x18b4,1
user0x492,0
user0x192f,1
user0xbc3,1
user0x1b13,0
user0xf22,1
user0x1b0c,0
user0x558,0
user0x381,0
user0x3a0,1
user0x12a4,1
user0xe,0
user0x9f4,1
user0x3c7,0
user0x452,1
user0x1ad2,1
user0x10f0,0
user0xf80,0
user0x4e6,1
user0xa58,1
user0xb6b,0
user0x1790,0
user0x12ac,0
user0x10a8,0
user0x1b16,1
user0x667,1
user0x46d,0
user0x198b,0
user0xdbf,0
user0x756,0
user0x16b3,0
user0x10f,0
user0x5c1,0
user0x14e5,1
user0x60b,1
user0x10d6,0
user0x1977,0
user0x1158,1
user0x346,0
user0x164f,0
user0x893,0
user0x72b,0
user0x131b,1
user0x19c,1
user0x6b0,0
user0x1156,0
user0x13b3,1
user0xaeb,0
user0x8ad,0
user0x16dd,1
user0x179,0
user0x5d3,1
user0x2e2,1
user0xd31,0
user0xe1f,1
user0x192e,1
user0x34,1
user0x1012,1
user0x151d,1
user0x8dd,0
user0x13e6,1
user0xc16,0
user0x56d,0
user0xc74,1
user0xd96,1
user0xd69,1
user0x105f,0
user0x15db,1
user0x905,0
user0xc96,0
user0xa1e,1
user0x660,0
user0x10b3,1
user0xc66,1
user0x163e,0
user0x12cc,1
user0xba0,1
user0x10b8,1
user0x1d3,0
user0x1a18,0
user0x387,1
user0x19f8,0
user0x47,0
user0xc91,1
user0x195d,0
user0x76a,1
user0x13bc,0
user0xf9b,0
user0x190d,1
user0x4b7,0
user0x81d,0
user0x636,1
user0xb1c,1
user0x1427,1
user0x15f8,0
user0x89d,0
user0xba4,0
user0x292,1
user0x3f,1
user0x72e,0
user0xfa0,1
user0x1434,0
user0xbdc,0
user0x1c6,0
user0x1567,0
user0x192,1
user0x13dd,0
user0x15a5,1
user0x5c0,0
user0x2a5,0
user0xd1c,0
user0x650,0
user0x4e3,1
user0x7bf,0
user0xd61,0
user0x1336,0
user0x13c3,1
user0xf03,1
user0x1343,1
user0x409,0
user0xae,0
user0x3ab,1
user0xc1e,0
user0x12b3,1
user0xa1b,0
user0x14e,0
user0x369,0
user0xb25,0
user0x5ce,0
user0x1807,1
user0x10c5,1
user0x128,0
user0x1a8f,0
user0x1a2f,0
user0x15fa,1
user0xf05,1
user0x16d1,0
user0x107a,1
user0xeb0,0
user0x17a,0
user0xc26,1
user0xad2,1
user0xf4e,0
user0x102a,1
user0x8a2,0
user0x87c,0
user0xa27,1
user0x804,1
user0x393,1
user0x174f,1
user0x1b1f,1
user0x1a2a,0
user0x1263,1
user0x16eb,0
user0x91f,0
user0xeec,1
user0x3bc,1
user0x1660,1
user0x75f,0
user0x1b4f,1
user0xe85,0
user0xfbb,1
user0x49e,0
user0x1b46,0
user0x138c,1
user0x11fa,0
user0x1164,0
user0x58f,0
user0x1b3a,0
user0x960,1
user0xb4c,0
user0x1482,1
user0xe0c,1
user0x6ba,0
user0x683,0
user0xb44,1
user0xbb2,1
user0x129b,1
user0x376,0
user0xfd8,0
user0x1504,1
user0x1a25,1
user0x14d,0
user0x99,1
user0x158c,1
user0x1730,1
user0x2d1,1
user0x175,0
user0x138,0
user0x739,0
user0x656,0
user0x2a,1
user0xa85,1
user0x13cb,1
user0x1b37,0
user0x120a,0
user0x1a1,0
user0x12fa,0
user0x1291,0
user0x1acc,0
user0x197b,0
user0x2c0,0
user0x2dc,1
user0x1a1c,1
user0x3b0,0
user0x18a8,0
user0x1a6e,0
user0xe1e,0
user0x1968,0
user0x70e,0
user0x3fa,1
user0x15bd,1
user0x38b,0
user0x69d,0
user0xae7,0
user0x1110,0
user0x15d5,0
user0x207,0
user0x32e,0
user0x332,0
user0xd79,0
user0x12de,1
user0x5f2,0
user0x666,0
user0x1aeb,0
user0xde5,0
user0x19bb,0
user0x6a4,1
user0xdc6,1
user0x1461,1
user0xe96,1
user0x1880,1
user0x177a,0
user0xbe6,1
user0x75b,0
user0xa20,0
user0x17b,1
user0xebf,1
user0xfa3,0
user0x8cb,0
user0x1157,0
user0x864,1
user0xe8e,0
user0x860,1
user0xa06,0
user0x1796,1
user0x70b,0
user0x1a85,0
user0x14ed,1
user0xe25,0
user0x17dc,0
user0x1590,0
user0xf7f,1
user0x63a,0
user0x10e8,1
user0x131a,0
user0x6aa,1
user0x1ae4,0
user0xece,0
user0x71c,0
user0xa02,1
user0x1965,1
user0x9ff,0
user0x1070,0
user0x13e7,1
user0x18d9,0
user0x62e,0
user0x9f3,0
user0x13f,1
user0x10e1,0
user0x1412,0
user0x14a8,0
user0xd24,0
user0x15a9,0
user0x198d,1
user0x6e3,1
user0x1682,1
user0x1948,1
user0xb1b,0
user0x1350,1
user0x126d,0
user0x19d8,0
user0x85d,0
user0xd5,1
user0x1302,1
user0x1151,1
user0xda9,0
user0x323,0
user0x18d4,1
user0x149e,1
user0x1490,1
user0x1024,1
user0x69,0
user0x116a,1
user0x1352,0
user0x16cc,0
user0xedd,1
user0xaf6,1
user0x196d,0
user0x1358,1
user0x5b9,1
user0xb89,0
user0x235,0
user0x1b43,1
user0x10f9,0
user0x9dc,0
user0x5c2,0
user0xca4,0
user0xb0d,0
user0x9c6,1
user0x13d,1
user0x4b0,0
user0x1453,1
user0x8e6,1
user0x28c,1
user0x46,1
user0x1683,0
user0xa62,1
user0x496,0
user0x440,0
user0x1b26,1
user0x19a,1
user0xfe0,0
user0x1acb,0
user0x952,0
user0x1401,1
user0x82b,1
user0x121b,0
user0x259,1
user0x1534,0
user0xbc5,0
user0x12b8,1
user0x159a,1
user0x8ab,0
user0x9a1,1
user0x16e2,0
user0x345,1
user0xcfd,1
user0x270,1
user0x65b,1
user0x326,0
user0x1372,1
user0x15cc,0
user0xc2b,1
user0x27d,0
user0x1a7,0
user0x12d7,0
user0x7cc,1
user0x1178,1
user0x120c,1
user0x9b6,0
user0x19db,1
user0x96,0
user0xc25,0
user0x62c,0
user0x179d,0
user0x16ee,1
user0x272,0
user0xbba,1
user0x11f9,1
user0xed4,1
user0x1735,1
user0xd99,0
user0x8f,0
user0x12cd,1
user0xa0e,0
user0x1236,1
user0xfae,0
user0x758,1
user0x19b8,0
user0x1483,0
user0xd7c,1
user0x18ae,0
user0xe15,0
user0xd0e,0
user0x1597,1
user0x1a3e,1
user0x87b,1
user0x188a,0
user0x136f,0
user0x1433,1
user0xadc,0
user0x1270,1
user0x1b0b,0
user0xb10,0
user0x1b3c,0
user0x1556,1
user0x8b6,0
user0x269,0
user0x52c,0
user0x17be,1
user0x2b2,1
user0x1a75,0
user0x8f0,1
user0xce6,1
user0x1699,0
user0x546,0
user0x16cd,1
user0x19ca,1
user0xaa9,0
user0x1726,0
user0x1696,1
user0x169c,1
user0x11d1,1
user0x4a3,0
user0x4a7,1
user0x91,0
user0x18ce,0
user0xdf4,1
user0x1144,1
user0xe9e,1
user0x6e2,1
user0xed8,0
user0x12c2,0
user0x12ca,1
user0x72a,1
user0x1acd,0
user0x457,1
user0x84f,0
user0x1385,1
user0x12af,1
user0x18a6,0
user0x165e,1
user0x8e5,0
user0xed3,0
user0x9c3,1
user0x1793,1
user0x720,1
user0xae4,0
user0x1064,1
user0x1122,1
user0xef3,1
user0x9bc,0
user0x36e,0
user0x5af,0
user0x187,1
user0x1056,1
user0x8eb,0
user0xa9a,1
user0x14fb,1
user0x15f3,0
user0xb8e,1
user0x1db,0
user0x69e,0
user0x50f,1
user0x82c,1
user0xbea,1
user0x471,1
user0x818,1
user0x14d3,1
user0x340,1
user0x24f,0
user0x1232,1
user0x1654,0
user0xe08,1
user0x1663,0
user0x6d,1
user0x1488,0
user0x10de,0
user0x41c,0
user0x51f,1
user0x1837,0
user0x29c,0
user0xfd,0
user0x1430,0
user0x1653,0
user0x15d4,0
user0xa82,1
user0x1221,0
user0x19dd,1
user0x13b5,0
user0x1623,0
user0x34b,0
user0x103f,0
user0x119d,0
user0x1980,0
user0xd2e,0
user0xd42,0
user0x374,1
user0x11c3,0
user0x14ea,1
user0xf9c,0
user0x1290,0
user0x757,0
user0x162d,1
user0x15ce,0
user0x5cd,1
user0x152f,0
user0x971,0
user0xab1,0
user0x8db,0
user0x104d,1
user0xd28,1
user0x1815,1
user0xaf8,0
user0x365,1
user0x9a4,1
user0xf35,0
user0x18c7,1
user0x1c2,1
user0x13fb,0
user0x1618,1
user0x7bb,1
user0x2b8,1
user0x6cd,0
user0xe86,0
user0x32b,0
user0xcd4,0
user0x88d,1
user0x138e,0
user0x15f1,0
user0x1419,1
user0x1f9,1
user0xce7,0
user0x195,1
user0xe38,1
user0x193d,0
user0xb7,1
user0x1ad3,0
user0x754,1
user0x16b5,1
user0x261,1
user0xa72,0
user0x7f1,1
user0xf8d,0
user0x19e5,0
user0x1916,0
user0x7b0,0
user0x1a76,1
user0x14,1
user0x8aa,0
user0x1591,0
user0x1636,0
user0x8b0,1
user0x147,0
user0xcc6,1
user0x9d6,0
user0x752,0
user0x19e9,1
user0x1760,0
user0x110a,1
user0x1762,0
user0x1a67,1
user0x6dc,0
user0x882,1
user0x1361,0
user0x1b18,1
user0xd52,0
user0x1acf,0
user0x1e9,1
user0x25e,1
user0xc8c,0
user0x9a0,1
user0x6ca,0
user0x98,0
user0x379,0
user0x1b0f,1
user0x1917,1
user0xc0a,0
user0x10d,0
user0x60,1
user0x18d2,1
user0xef0,1
user0x1a39,1
user0x13c4,0
user0xf2d,0
user0x707,0
user0x1367,0
user0x624,0
user0x1214,0
user0x42b,1
user0x144b,0
user0xac8,1
user0x184d,1
user0x1907,0
user0x2cb,1
user0x1895,1
user0xfdb,1
user0x164c,1
user0x1602,1
user0x1b23,0
user0x11d5,1
user0x1234,1
user0x706,0
user0x1cd,1
user0x14fd,0
user0xb80,0
user0x703,0
user0x74d,1
user0x1571,1
user0x541,1
user0x12b7,0
user0x1497,1
user0x16d8,1
user0x13a0,0
user0x4be,0
user0x1a4a,0
user0x55c,1
user0xf3,0
user0xfc7,0
user0xaef,0
user0x68f,1
user0xf0a,0
user0x520,0
user0x288,0
user0xca6,1
user0xa53,1
user0x1139,0
user0x9b,1
user0xd64,0
user0xd7d,0
user0x517,0
user0x47e,1
user0xbe7,0
user0x1709,1
user0x416,0
user0x668,1
user0x51a,1
user0x787,1
user0x15d7,1
user0xd6f,1
user0x1019,0
user0x8c4,1
user0xc40,0
user0xf,1
user0xdd2,0
user0x1529,1
user0x1373,1
user0xa6d,1
user0x550,0
user0x734,1
user0xc1a,0
user0x64c,1
user0x1f1,1
user0xb18,0
user0x1203,1
user0x1b32,1
user0xe31,1
user0x5c6,1
user0x1583,1
user0x447,1
user0x21e,1
user0x19c8,0
user0x1279,1
user0xfea,1
user0x1af,0
user0x1a73,1
user0x2d8,1
user0x1508,0
user0x18d1,0
user0x113c,0
user0x1780,0
user0xa01,0
user0x539,0
user0xe16,1
user0xb3d,1
user0x113f,0
user0x407,0
user0x17e9,0
user0x188d,0
user0x456,1
user0x760,0
user0xdde,0
user0x5f7,1
user0x2f1,0
user0xbe9,0
user0xa44,0
user0x232,0
user0x198e,1
user0x129c,0
user0xdea,1
user0xfc,0
user0x9d4,0
user0xb92,0
user0x1165,1
user0x14fe,0
user0x1514,0
user0x4b2,0
user0xd86,1
user0x19fc,0
user0xaed,0
user0x1081,0
user0x90,1
user0x13c0,0
user0xb4f,0
user0xacb,0
user0x389,0
user0x1448,0
user0xf8c,0
user0xeb,1
user0x1425,0
